<config>
<AutoStart>1</AutoStart>
<MovieWidth>640</MovieWidth>
<MovieHeight>480</MovieHeight>
<BackgroundColor>FFFFFF</BackgroundColor>
<MovieURL>oreillymail_screencast.swf</MovieURL>
<ShowLoadingMov>0</ShowLoadingMov>
<LoadingMovURL></LoadingMovURL>
<ScaleLoadingMov>1</ScaleLoadingMov>
<LoadingMovPercentToLoad>50</LoadingMovPercentToLoad>
<LoadingMovMinDuration>3</LoadingMovMinDuration>
<ControllerColor>C0C0C0</ControllerColor>
<ShowFFRW>1</ShowFFRW>
<ShowAbout>1</ShowAbout>
<AboutBoxText></AboutBoxText>
<TimeDisplayFormat>MM:SS</TimeDisplayFormat>
<ShowDuration>1</ShowDuration>
<ShowElapsedTime>1</ShowElapsedTime>
<TimeDisplayFont>Arial</TimeDisplayFont>
<TimeDisplayFontColor>000000</TimeDisplayFontColor>
</config>
